{
    "Pets": [
        {
            "userName": "Sara Hadasa",
            "city": "Pardes Hana",
            "UpdateDay": "20",
            "UpdateMonth": "04",
            "UpdateYear": "2024",
            "category": "Lost Pet",
            "userImage": "../imges/Owners/saraHadasa.jpg",
            "address": "Derech Hanadiv 67-69 Pardes Hanna",
            "userId": "1",
            "report_id": "1"
        },
        {
            "userName": "Oded Papo",
            "city": "Pardes Hana",
            "UpdateDay": "18",
            "UpdateMonth": "03",
            "UpdateYear": "2024",
            "category": "Lost Pet",
            "userImage": "../imges/Owners/OdedPapo.jpg",
            "address": "Derech HaBanim 34, Pardes Hanna Karkur",
            "userId": "2",
            "report_id": "1"
        },
        {
            "userName": "Shahar Fisher",
            "city": "Hadera",
            "UpdateDay": "20",
            "UpdateMonth": "02",
            "UpdateYear": "2024",
            "category": "Distress Pet",
            "userImage": "../imges/Owners/shaharFisher.jpg",
            "address": "snir 5, Hadera",
            "userId": "1",
            "report_id": "1"
        },
        {
            "userName": "Ori Fisher",
            "city": "Pardes Hana",
            "UpdateDay": "20",
            "UpdateMonth": "01",
            "UpdateYear": "2024",
            "category": "Distress Pet",
            "userImage": "../imges/Owners/ori.png",
            "address": "Derech Hanadiv 78-82, Pardes Hanna Karkur",
            "userId": "",
            "report_id": "1"
        }
    ],
    "currentUser": {
        "userName": "Shahar Fisher",
        "city": "Pardes Hana",
        "userImage": "../imges/Owners/shaharFisher.jpg",
        "address": "Derech Hanadiv 78-82, Pardes Hanna Karkur",
        "userId": "1"
    }
}